0,50.2400482304191,86.7474926760957,23.4,63.0
1,47.6607455591694,26.8873517107224,6.6,72.1
2,53.7635968092821,67.3347337953163,31.9,68.8
3,34.8709806964524,69.6341578309119,14.4,80.0
4,52.8318903318903,88.6018321389419,25.2,78.4
5,35.4687121028377,4.54445146375834,28.1,82.8
6,28.8113593455003,50.9453080642406,29.5,84.0
7,65.7636518771331,131.040129325909,39.5,88.0
8,59.3519772311241,319.963634024872,27.0,82.0
9,67.3264907135875,102.310117029041,36.2,88.0
10,66.4128314267979,115.596156860122,35.5,88.0
11,50.2008928571429,484.940653602163,26.8,88.0
12,68.2463269771804,148.563908084098,28.2,82.0
13,28.8895877985898,1.57375124893832,30.6,78.9
14,69.1301322199026,54.2073755102377,24.2,88.0
15,70.6386462882096,121.630886377071,27.4,88.0
16,63.1952616301875,41.901525829987,46.7,88.0
17,73.8343400290303,161.179577854055,41.9,65.3
18,40.24113313587,26.5031172743036,33.0,87.7
19,33.4292405486785,28.4528345504462,30.4,85.5
20,42.7558356676004,53.6932614730714,26.8,60.2
21,41.4066608238387,29.0579667533475,27.8,68.4
22,39.8220350731268,41.2715686066645,39.5,77.6
23,54.8999606203805,44.2638501496208,51.8,80.0
24,43.29125937883,26.6980589432838,31.1,58.5
25,43.8234204187512,98.3478198897136,28.2,78.9
26,43.5294913419913,353.514268891958,28.3,71.4
27,50.7975259703759,64.4941707883438,26.5,76.5
28,48.7844925344925,180.716003076413,11.9,76.5
29,51.1379886021957,199.436640906458,13.2,74.2
30,27.2809887313704,211.506796978709,9.4,77.8
31,59.7520539906103,119.079295971999,21.6,74.1
32,38.7774311531842,275.99562248744,30.2,74.1
33,55.7247802702348,347.583877545686,17.8,74.1
34,68.7218497507306,102.590199586027,27.8,82.0
35,63.0918227946917,130.772630384345,28.7,81.2
36,73.6033519553073,142.351567493963,28.5,82.0
37,45.1516833148354,199.303357938433,36.8,76.9
38,50.9801779004678,115.071768691901,6.3,26.1
39,80.4491525423729,49.2474145360529,38.6,82.0
40,60.3786574870912,53.1483568895696,26.9,80.8
41,94.8253022023514,25.8727006587226,10.9,80.5
42,95.7085303906113,7.93721142485947,10.9,80.5
43,95.5168119551681,7.14261897709245,10.9,80.5
44,94.8040184453228,26.488720227711,10.9,80.5
45,94.8040184453228,26.488720227711,10.9,80.5
46,95.1426024955437,25.8495791682328,54.8,84.1
47,94.3606627017842,75.4294764663872,62.5,71.6
48,91.884291023442,147.880053789415,21.9,84.4
49,65.3630491982765,82.5948309300354,21.6,70.0
50,91.884291023442,147.880053789415,21.9,84.4
51,92.4446996093337,12.067171003263,72.0,76.4
52,92.4446996093337,12.067171003263,72.0,76.4
53,92.7673473869126,8.25300036173538,72.0,76.4
54,92.7267277087421,8.42132049755877,72.0,76.4
55,92.7757302757303,8.31438802364272,72.0,76.4
56,80.3314476356252,126.715804070744,68.0,69.4
57,74.1410996641383,163.035251342522,67.4,83.1
58,82.1425419240953,14.2382471533214,69.7,83.6
59,79.4385804352247,66.2544166042207,67.4,83.1
60,82.1086550435866,12.1647903681555,70.9,83.1
61,79.4203474856234,67.3420142636458,67.4,83.1
62,76.6596343178622,163.494246529818,56.6,75.6
63,76.8792477898718,59.3137395975223,11.3,70.1
64,92.4055096418733,9.71732167657036,65.4,80.5
65,91.0576293385724,11.5681643879564,63.0,80.5
66,81.0718434659803,28.6459582959125,29.0,76.0
67,84.5198500686305,50.0534969593759,82.6,82.0
68,89.5145272954262,27.1832608345541,67.8,87.9
69,95.6964100103942,11.1405331092465,75.6,82.6
70,90.2391010476512,40.9275767641603,74.9,90.3
71,74.2958687403132,190.144439876537,28.0,57.2
72,92.8658240155566,14.8527853911063,77.2,88.3
73,93.2047492865879,10.1778863951801,59.7,79.6
74,69.8533183396465,277.17199621365,58.0,68.3
75,96.2229437229437,18.2386012256142,15.6,90.5
76,90.3260352213232,31.8114025618679,56.3,81.6
77,94.2755681818182,40.0291758135331,55.8,81.6
78,92.033462033462,80.4889417823781,63.6,83.0
79,80.8831205026857,49.9291385792172,58.0,71.6
80,78.6158357771261,3.11741385093006,32.1,72.5
81,53.7740687254684,58.9557416903781,23.3,85.7
82,72.2943346180944,209.055290718581,22.8,80.1
83,80.6165476943466,115.065642530797,41.4,80.6
84,93.3628161409491,14.6975634785257,38.1,72.8
85,81.6637806637807,129.878727536826,21.6,74.8
86,94.5661717752235,10.3328370439997,41.8,75.1
87,92.8071278825996,26.0525976908438,16.4,80.6
88,89.8819163292848,38.300771096513,16.4,80.6
89,76.1069856985698,66.5667611865697,36.3,80.6
90,92.1776383384706,23.6758616094687,51.0,91.8
91,95.4293348074443,16.4424144521814,63.7,95.3
92,94.5181125255383,16.2049614137791,58.9,95.3
93,95.0789141414141,11.4556131867922,65.1,90.3
94,93.6731786731787,9.85375400312315,64.5,90.3
95,92.7889604580426,12.2045279366683,68.2,90.3
96,93.0909348212842,14.2300579468902,68.2,90.3
97,93.2121290545204,14.8857317488537,68.2,90.3
98,92.4655017921147,16.7019241254901,64.5,90.3
99,93.0198868165152,14.1143655273351,68.2,90.3
100,68.399945989738,247.006691297001,12.3,48.1
101,92.7998303647159,11.9943775039729,68.2,90.3
102,93.9627143922446,10.6337908257942,71.1,93.5
103,93.2374058380414,14.6078344731556,71.1,93.5
104,79.6016666666667,48.7764606261023,44.9,90.1
105,79.7751903925015,42.9165664031397,49.8,87.6
106,69.1814357321876,54.8459480980852,60.5,92.1
107,75.2791305916306,138.74285402017,47.7,73.0
108,88.0661859863191,10.2822610207695,45.9,81.3
109,88.4862935167813,12.586227542412,55.0,81.3
110,83.3209123757904,37.5029509591994,55.0,92.5
111,89.4201894201894,10.5233972177839,42.8,81.3
112,86.8298458928319,68.2088623051339,43.6,93.5
113,89.6666666666667,65.4444444444445,95.5,95.5
114,90.5405405405405,68.1762843925006,76.4,95.5
115,51.0625836680054,351.0434951542,45.0,78.8
116,89.9232565899233,66.404965748754,95.5,95.5
117,90.0734067400734,66.9059672507565,95.5,95.5
118,90.1302605210421,67.0839006001315,95.5,95.5
119,81.426116838488,510.967336238353,47.7,100.0
120,93.2825719120135,66.833294682505,95.0,95.0
121,99.0995582738702,14.1965668000077,95.0,100.0
122,91.4166666666667,69.3819444444445,90.0,90.0
123,86.3584474885845,128.786279477075,84.4,84.4
124,99.4984954864594,12.2861060614139,100.0,100.0
125,70.9577754891864,415.882357152479,56.2,90.0
126,97.0286885245902,40.6931660395951,100.0,100.0
127,87.8425251474159,101.64660876989,84.4,84.4
128,98.9699425869639,16.1066052764516,90.0,90.0
129,78.9518031681833,363.483914566807,52.8,52.8
130,87.4708041374708,96.8842271255796,84.4,84.4
131,98.8166666666667,18.3219444444445,100.0,100.0
132,95.1451451451452,167.871825779734,90.0,90.0
133,99.2637215528782,11.7292015003342,95.0,95.0
134,90.3132448076268,67.6126937159176,95.5,95.5
135,97.35,109.2275,95.0,95.0
136,86.4409722222222,135.23552035108,42.2,90.0
137,99.3981945837512,14.6829656471923,95.0,100.0
138,99.4969818913481,18.6101518568149,84.4,95.0
139,99.048589874278,14.9516542013744,95.0,100.0
140,91.3654618473896,69.3537201012887,90.0,90.0
141,88.0880880880881,98.3465948430914,63.3,84.4
142,91.7,69.4433333333334,95.5,95.5
143,88.063295493636,124.614615398178,56.2,84.4
144,79.0263113792525,16.1913194637911,59.3,92.6
145,78.4999905949626,21.0280519487777,76.8,86.0
146,77.1070837275307,59.6400466317264,81.1,100.0
147,85.2689767837832,29.9252878241377,78.8,89.7
148,74.0120924206435,1.26928311318748,16.6,95.7
149,80.4340803872054,23.4647380444158,78.0,94.2
150,84.0408934304283,58.3592411051157,73.3,84.5
151,79.0150329586949,17.6093611319039,75.3,87.7
152,82.9091240116521,25.4362828110418,77.4,94.2
153,81.673938336242,17.5402240926361,81.1,92.6
154,82.8836547291093,17.5412244238865,78.8,89.7
155,83.0197682344922,10.9938529493901,79.5,91.1
156,80.078179594689,38.5110090660383,80.3,94.2
157,76.9859548574259,7.19925066569355,76.7,96.0
158,82.407310431504,6.77985349397279,82.2,93.7
159,83.1911509543089,7.15058434001538,82.2,93.7
160,82.2534766118837,6.56284911959926,82.2,93.7
161,82.5548466777748,17.4181019287656,81.1,100.0
162,79.0239649964463,75.2819022734389,78.0,100.0
163,83.2589285714286,6.84045152516136,78.0,100.0
164,84.5669756452199,15.9622990684726,75.7,88.9
165,84.1242661448141,5.98979974800952,79.5,91.3
166,90.3970651704791,11.5200012517489,71.0,91.8
167,83.2060827864715,64.3796701782221,67.3,88.9
168,84.5595400506724,4.85269993600903,73.0,91.8
169,89.9022439457898,12.3749932190635,69.1,89.4
170,86.5011064666831,20.2149782270645,69.1,89.4
171,80.0088456435206,31.443124035503,79.5,89.4
172,90.6110680364412,17.9948081329669,72.9,96.0
173,82.0685914552737,62.3577447481526,38.4,95.7
174,77.7422930105579,42.8702507648251,72.9,89.4
175,97.6330738480959,11.3042759621759,71.9,93.7
176,79.9963636363637,21.743788429752,42.3,79.2
177,79.3682795698925,48.3924519556348,75.7,94.2
178,89.1063274624919,12.7229224084705,67.3,89.4
179,89.6591626341258,12.6156383718851,71.9,91.8
180,91.3992028529474,8.28826811699149,72.0,96.0
181,87.8875737286785,16.9957173574465,68.4,91.8
182,82.8271537622683,23.4889355194324,70.2,89.4
183,82.0844123147748,124.957460420634,70.2,93.4
184,75.1880839361061,26.1742219396444,61.6,95.7
185,84.9116697808731,6.04427377520391,54.6,88.9
186,79.1966819471731,51.8702031601633,63.9,80.5
187,82.8767450755402,22.6878175397727,70.2,89.4
188,80.1358695652174,23.1493799670151,83.3,91.8
189,81.2045588524268,10.1377587413291,78.4,93.7
190,84.4444444444444,0,82.2,90.1
191,80.8194969587375,2.26312565756689,79.2,88.9
192,76.4143412467028,29.4473491173223,44.2,88.5
193,78.6556423212372,4.19448149258636,74.7,96.0
194,76.5920352170352,19.0436944469372,76.1,100.0
195,73.4157408856204,4.00606708422859,74.7,93.7
196,80.2031608097785,94.4270669991683,69.1,89.4
197,73.2507467931822,1.15708906166553,75.3,93.7
198,88.0430242272347,11.2108234593725,71.7,95.2
199,83.3490461401952,13.592761480822,59.8,91.3
200,78.4592852958407,11.6522772904884,82.2,93.7
201,83.1186055323986,21.7161335613335,73.0,91.8
202,74.5165123842882,5.45942330361317,76.0,93.7
203,83.9526098901099,22.5886261031779,67.3,91.3
204,83.9216615336018,30.5063159375759,66.4,91.3
205,78.7946057845161,27.370268879738,76.8,93.7
206,74.6212872775373,137.287403030763,36.4,84.5
207,75.1627229297132,63.1591505471012,48.6,88.3
208,73.6247034993737,59.3550510623994,32.4,85.8
209,80.4309764309764,27.9720310726671,38.9,87.1
210,67.799037999038,70.0793795070659,39.7,80.9
211,70.319198749968,72.7364109709072,35.4,86.0
212,66.3684096360945,222.379780819509,40.1,91.8
213,74.8216985472951,20.5552538622565,67.9,88.3
214,69.9094883921474,32.8858286320789,32.6,79.2
215,58.3693874926514,166.926181663353,52.3,91.8
216,71.2614468864469,91.4764514952635,62.9,87.1
217,82.4099349472991,15.1271072517103,63.1,85.9
218,70.8171941186054,39.7233171488966,50.8,92.6
219,78.2482410664692,24.5265361366358,62.4,88.6
220,44.1342791393195,29.9181354285422,62.7,92.6
221,82.8114186851211,19.8443337086363,48.9,84.5
222,81.7501205109665,32.3987272557698,39.7,90.1
223,85.4930971652826,35.3382887237672,62.4,90.1
224,71.84440267335,45.7747453603377,39.4,94.2
225,67.0549581839904,190.345230965465,39.7,92.6
226,60.7467499492179,154.7074742728,0.0,94.2
227,68.9538696184266,33.5182952343178,36.1,94.2
228,68.1849173553719,133.518539378425,38.6,94.2
229,56.4888092231842,185.630334545474,38.6,94.2
230,75.1646989374262,74.1360212089703,51.4,85.9
231,85.4846620296059,33.6888438739456,61.1,91.8
232,80.0623005775678,60.1054255310869,50.9,91.8
233,92.3442525158212,87.7847011810991,46.8,91.3
234,89.7394881170018,58.0274044723823,43.0,91.3
235,83.6363636363636,31.4892899308484,41.5,89.4
236,88.5270437654831,26.9299118457901,64.8,94.0
237,86.5509898820525,23.7204084716246,50.5,79.5
238,79.4966090944575,26.7200154640472,49.7,94.2
239,80.7339647939103,43.6842260483203,39.4,88.6
240,86.1363636363636,34.0317549498171,65.1,85.8
241,72.641117282046,139.671570071403,52.2,92.6
242,72.8841074180057,121.44441876741,53.8,92.6
243,72.0793984260371,52.7808336286362,50.9,90.1
244,80.0554512992937,31.3636290751383,48.9,94.2
245,79.2118291761149,91.3577959486474,43.0,89.7
246,72.400903271069,116.673428746636,53.0,92.6
247,72.2130310457516,27.8531517241633,22.8,87.1
248,80.1957831325301,27.0113216574189,81.2,96.0
249,67.2874928688882,103.508435685128,78.5,84.5
250,75.4510741859685,5.98423255616887,72.0,88.3
251,78.8167918682625,9.34495689255464,72.0,88.3
252,58.8732394366197,66.3927525589173,50.1,82.2
253,88.4190476190476,17.0039909297052,44.5,89.4
254,80.6240850770688,10.9026914069324,80.7,89.4
255,64.791303224139,288.619654041768,0.0,94.2
256,79.0471209404264,48.9595783532042,46.8,89.4
257,61.6998992579488,113.551683912933,23.1,87.1
258,92.0094739466467,72.1139062790489,90.9,79.5
259,96.7327076816128,43.779672879328,64.3,82.1
260,90.0251859661454,68.8836803605964,91.8,85.7
261,88.9612739775606,96.5082119612495,94.8,85.7
262,96.983581519664,41.1748608904208,77.2,81.6
263,94.8774509803922,58.0732170319108,25.6,85.9
264,93.7712344280861,71.7347557808306,27.9,85.9
265,92.4731182795699,194.242108914325,42.2,90.5
266,51.7370353938677,84.8640565914885,14.7,57.1
267,91.3899782135076,42.8264936088209,61.5,90.6
268,86.296676944159,40.607654824606,17.9,92.7
269,81.179880329095,180.999831335182,62.7,89.0
270,47.3090452964403,1.4980651026964,25.7,87.1
271,98.8285063455906,6.99541443488837,57.8,96.4
272,99.4741756351663,6.10032847108873,25.7,96.4
273,98.8215488215488,7.02876123751544,26.1,96.4
274,92.2521467603435,69.1016575043526,88.8,94.6
275,73.0893880893881,301.668610303219,40.6,90.9
276,85.0980117177761,395.257417943067,44.6,95.5
277,87.4778368794326,380.835797212162,48.0,95.5
278,79.0872175141243,713.711908171143,46.0,95.5
279,38.8392050587173,61.6520819249574,46.2,93.1
281,88.1738544474394,354.582982178275,44.6,97.7
282,92.4404761904762,35.437925170068,45.4,95.5
283,85.1612903225806,473.898716614638,48.0,95.5
284,82.8783855549655,549.135510443496,44.6,95.5
285,71.4787554366009,343.464134424765,40.6,90.9
286,95.8994708994709,17.3567369334565,43.3,95.5
287,81.8683368869936,572.043423954196,44.6,95.5
288,95.2038369304556,24.9584505057824,57.7,95.5
289,92.3991031390134,35.7988631717241,44.6,95.5
290,68.7000131544331,278.71272819792,36.0,93.1
291,95.018315018315,24.9996645601041,58.7,95.5
292,83.6876947040498,542.605476824759,32.5,81.8
293,89.3793738489871,168.34563963249,50.1,92.3
294,89.6063583026334,51.7695600501923,32.5,89.0
295,82.0552731893265,443.140139848423,32.5,92.3
296,82.2186563970903,278.334231884647,32.2,92.3
297,74.2874669686674,269.508497761429,20.9,92.3
298,85.7042100694444,216.207828050778,58.0,92.3
299,66.6064981949458,139.888076505913,53.2,96.4
300,67.6064123825318,151.595226985275,53.2,96.4
301,67.5957207207207,141.544891597679,53.2,96.4
302,67.8217821782178,157.494090993258,53.2,96.4
303,67.8217821782178,157.494090993258,53.2,96.4
304,67.7134986225895,153.633252130623,53.2,96.4
305,67.7134986225895,153.633252130623,53.2,96.4
306,65.4190658989123,131.4675912793,53.2,96.4
307,67.843300110742,149.616825727948,53.2,96.4
308,67.843300110742,149.616825727948,53.2,96.4
309,78.5029761904762,85.2440387613379,52.4,92.3
310,76.3724434876211,17.8060293002688,51.6,96.2
311,74.0511775362319,21.3559255457756,61.3,96.2
312,76.2969094922737,238.671686548836,70.3,96.4
313,76.2969094922737,238.671686548836,70.3,96.4
314,76.3407590759076,242.203327696631,70.3,96.4
315,76.3407590759076,242.203327696631,70.3,96.4
316,76.2615930169122,235.979986987665,70.3,96.4
317,67.2231496939343,136.724272105026,53.2,96.4
318,71.2207207207207,8.40473581689799,52.7,96.2
319,74.2855555555555,92.2275320987655,66.2,93.3
320,65.6288580246914,65.8950468440406,63.8,93.3
321,67.874251497006,108.430295098426,65.5,93.3
322,77.6099348534202,76.1992335462445,56.1,89.0
323,72.2145488029466,14.8011142991837,31.2,53.1
324,81.5438034188034,135.649375182628,48.7,100.0
325,79.3002322880372,147.596368509728,48.3,100.0
326,44.8565006915629,64.0599173998382,31.2,84.6
327,72.2321086873326,131.448517443985,20.6,100.0
328,34.6655424395728,1.78058708162591,10.6,88.5
329,84.0765107212476,81.5830025097941,47.5,96.2
330,99.5657894736842,2.52527700831025,86.8,96.2
331,98.566384180791,6.90484455297009,84.2,93.5
332,99.467665615142,3.04371000806058,88.9,94.4
333,69.4385993753082,129.019191104015,55.4,78.7
334,83.3934465266702,15.9921762373506,63.2,85.8
335,97.375,9.515625,81.9,96.6
336,99.645286686103,4.18951003975101,86.6,94.4
337,96.9295410471881,12.5041314820394,22.7,92.0
338,92.3130110630111,97.7516097841374,85.8,94.4
339,91.5601075093663,9.47417158766295,41.6,94.4
340,95.4523346303502,17.6719335897087,71.7,82.2
341,94.6154898741106,42.3940825284181,74.5,94.2
342,91.6212788957259,51.2275715487169,74.5,94.4
343,96.2091503267974,31.5144794301163,45.7,80.9
344,88.8745148771022,35.1590825358626,75.4,84.4
345,88.7305862353391,64.4661898455672,58.4,96.6
346,92.7086868001357,65.2058408466438,74.1,93.0
347,86.7411559108639,14.5009010104012,63.5,88.9
348,95.9839531919824,13.4773828532011,72.2,84.4
349,98.9210031091474,6.28080772977502,76.6,85.3
350,95.1569733796296,15.7035414247029,68.9,96.6
351,98.1362781954887,17.6001514005879,57.2,94.4
352,88.7288197487584,67.1810882925608,36.9,96.6
353,92.8307157958321,4.48246379708104,78.7,90.6
354,94.4485438803621,18.703984920813,54.9,92.1
355,99.5233619763695,2.75180384212026,75.2,96.6
356,99.3508165367074,6.4733437183957,87.3,92.6
357,98.7351981175042,14.9719121584766,79.7,94.4
358,90.7558823529412,133.922864557588,70.0,96.6
359,92.8671133445003,21.0285288655574,37.2,96.6
360,99.6245421245421,4.08947356062741,84.2,96.3
361,89.6750805585392,6.92124184175339,41.0,92.4
362,96.9413233458177,9.76122621379954,72.8,80.0
363,98.1316987226545,26.0441316299359,85.7,94.6
364,95.9160242742332,41.6636526394445,70.4,81.5
365,90.4850746268657,33.0669414123413,64.8,96.6
366,98.3011583011583,21.3831040085867,64.0,84.4
367,94.1253121098627,27.2516579862329,76.4,86.6
368,93.9487422876127,6.60554947246831,74.7,89.0
369,84.1348570156186,8.54320558071745,68.7,88.9
370,92.3998510180434,9.02650918867298,55.8,96.6
371,96.1445366528354,16.2437280279712,68.9,93.5
372,99.6566651739065,2.33451281214457,84.2,91.5
373,96.8558751529988,9.76525924022718,75.1,87.3
374,97.4749034749035,19.3822990116426,83.2,92.6
375,93.543559042114,17.3988782380205,58.8,94.2
376,92.5584963559647,6.92068918800261,76.0,92.2
377,92.1770833333333,31.0762803819444,28.8,93.7
378,99.2279020234292,4.22947706814287,71.3,84.4
379,97.3383174202846,10.097838978638,83.2,90.9
380,90.6760605606356,41.5570838191047,65.6,83.2
381,96.5634300595238,36.7295444687478,64.9,96.3
382,94.6374393203884,12.8179581273859,76.2,83.7
383,94.7566526610644,23.3687991127824,78.7,94.4
384,81.1046640878574,18.2766341855561,66.3,87.3
385,99.2972972972973,3.89810080350621,62.3,83.2
386,99.3259993802293,6.99542213307324,83.3,95.0
387,95.0910241433022,15.8585397394656,82.0,90.1
388,96.9695963887414,38.4260206549418,68.2,89.4
389,95.9778708133971,8.96078422254527,81.9,90.1
390,90.106745049505,9.49703680628737,64.9,90.1
391,91.6467423789599,25.1125073197641,67.9,89.0
392,99.0837090993178,7.71049224070663,71.3,80.9
393,99.0179658952497,5.17332217179667,80.8,90.1
394,97.6675582127124,16.7863234631895,82.0,93.5
395,96.2916947439353,33.6570655770151,77.8,94.4
396,94.4008372579801,48.637415760089,84.2,95.0
397,99.6844995635729,2.03469848080741,83.2,91.5
398,98.3678836633663,7.53692336765391,75.1,84.4
399,97.504171301446,9.36976847343668,75.4,90.1
400,73.1865030942212,15.0502980575726,64.3,85.8
401,94.471112817887,15.6025096262132,47.5,94.6
402,93.2768533549783,33.4064739881153,75.4,93.0
403,99.2314064801178,9.30186472705248,83.2,95.0
404,99.3311036789298,3.73317971834767,75.4,83.0
405,99.3657354618016,3.56186185932399,79.7,96.3
406,97.2202310676337,10.7909360885734,84.9,92.7
407,94.6772366930917,44.0674789197085,86.6,96.6
408,93.4503835091083,11.9055901830125,77.4,87.3
409,99.4086021505376,3.34648514279107,72.2,80.9
410,96.945593382119,12.4877903403662,68.6,84.7
411,98.7980769230769,8.82857478410363,68.9,80.9
412,98.8468025814022,11.5349132982844,79.7,94.6
413,96.1400867650868,13.5062262622925,81.5,93.5
414,93.5527912621359,8.02011963604015,74.1,93.5
415,99.489247311828,2.9313359926003,80.8,90.1
416,98.4379841958475,12.3030055496196,77.8,92.6
417,99.0183246073298,5.17178462761438,82.2,87.3
418,93.8925016056519,13.4367844755737,80.8,96.3
419,86.9937310030395,14.4349571716702,79.1,86.8
420,99.3591206450631,3.89361120213208,78.5,84.4
421,98.014126425218,9.71059048195668,64.4,83.0
422,84.3964858670741,5.32304560132267,64.8,87.3
423,98.9890710382514,5.29632864522679,69.7,80.9
424,99.0557217651458,10.1788990383029,71.5,79.3
425,95.4503754906981,37.6351264042485,31.7,80.9
426,94.1674361341951,16.6484980912753,74.5,85.8
427,95.041547758939,32.7629983574579,64.1,85.8
428,95.593635250918,30.2129276662237,64.1,85.8
429,96.0121268656716,14.4626172426116,71.3,83.7
430,84.3822004608295,5.36171987818278,64.8,87.3
431,97.2088835534214,9.65414677275472,69.7,80.9
432,96.218487394958,12.710966739637,76.1,87.5
433,72.4172043010753,572.66608394034,41.9,82.5
434,97.2781623662681,22.2598548627858,69.3,93.0
435,98.4914140599807,7.59911519534845,82.0,94.6
436,92.5205632231981,20.850627388528,68.9,90.1
437,99.5535714285714,5.08047737537638,81.3,87.5
438,99.0698608137045,5.28279344957792,84.2,91.5
439,97.0863231137204,27.3878516468478,51.2,94.6
440,90.5081495685523,45.5026386934216,70.4,93.0
441,98.2040111786947,10.4591270337477,84.1,91.7
442,95.6549240949786,84.3905914736912,62.4,94.6
443,97.7281530833592,17.2898354750825,83.1,93.0
444,92.0990566037736,18.3131937926794,80.8,89.4
445,97.27241732015,12.0430261520823,85.4,93.0
446,97.4881740775781,16.3331484297592,39.9,96.3
447,96.8306288032454,37.213932284345,78.7,86.8
448,99.639296956978,2.12428733364237,86.4,100.0
449,94.3187377690802,19.9995209955346,75.2,87.3
450,96.864914217768,11.1911827203222,81.9,94.4
451,98.54088639201,6.99044752891595,76.2,95.0
452,89.2664092664093,19.0426499306809,56.5,92.6
453,95.4326923076923,22.7882553327755,73.1,85.8
454,91.7309812568908,49.7521682133832,77.4,95.0
455,93.1563324538259,18.2143935600361,82.2,86.6
456,96.8344613649182,13.5191909315931,82.2,98.2
457,98.6066812153769,8.01093979743868,80.8,94.6
458,98.3666770865896,18.4884211334798,82.2,90.6
459,95.2488687782805,18.2892509596947,37.0,98.2
460,94.4873271889401,21.7092013704545,37.0,88.9
461,98.6867198335645,7.2495311366841,83.2,94.6
462,98.6173525701671,7.44079571445627,82.0,96.3
463,98.7259871931697,6.81591599068825,87.3,96.3
464,94.7576464489373,19.8368178021125,85.4,93.0
465,99.7615979381443,1.4331773435009,87.5,96.4
466,92.2789539227895,25.5253564882574,76.4,92.4
467,99.6575091575092,2.22604120543681,87.5,93.5
468,86.8746613689724,49.7976980812319,72.8,94.4
469,96.0526315789474,40.8092599920855,79.7,87.3
470,97.2497249724972,9.62520619498694,86.8,94.4
471,96.2311932072099,15.9082444935599,86.4,96.6
472,95.4575625214114,22.6986239246013,79.7,92.6
473,95.8484138812008,12.4185192610452,81.9,90.5
474,97.4458728010825,9.43972924498417,83.1,94.6
475,97.5913621262459,11.4030198342182,77.8,93.0
476,87.4857581069238,29.760071677058,76.4,90.6
477,99.544133192389,2.64135300128727,85.4,98.2
478,97.4386503067485,9.44792333170236,79.1,92.3
479,97.6805087916199,30.1605516303941,68.4,93.4
480,91.2537619533032,70.9112309097825,41.0,88.9
481,89.703821656051,67.3093709835754,78.5,90.9
482,99.1109221466364,9.1327062655078,90.1,96.6
483,98.8233519384523,13.9499065974073,75.4,87.3
484,88.3118636223388,39.2418945610282,28.8,93.9
485,94.6468609865471,14.2350782311557,83.2,90.6
486,88.641037810473,65.7894456922219,80.0,98.2
487,99.4437172774869,3.16731654834023,14.6,88.9
488,97.2781260310129,12.0333590182869,50.3,91.7
489,90.1430348258706,35.4824580013932,84.3,90.9
490,95.3138252756573,21.0649458489765,64.0,87.3
491,98.3200308959835,7.67751070965306,64.5,92.2
492,93.1729264475743,5.44723085513604,61.4,92.2
493,95.9394224196856,53.2604525128027,21.7,92.0
494,97.2411303630363,8.71481521476199,82.0,93.0
495,96.1391099322134,13.8086930938847,76.4,95.0
496,88.1276709401709,67.3347655393929,46.5,87.3
497,97.15,9.69,85.4,94.6
498,92.7519893899204,6.18650134736753,38.4,92.2
499,97.8730726872247,8.76947591101613,76.2,85.8
500,90.8162937242798,13.2298318939501,81.0,93.5
501,99.5157541322314,2.79204261310276,72.9,85.8
502,99.653134635149,2.0475929489854,40.4,93.0
503,91.7966903073286,151.184827501411,57.8,88.9
504,81.4094084927418,31.8593998764458,67.3,90.6
505,87.5214555441126,28.934724844812,84.8,94.8
506,87.9024523907385,25.11023450579,68.2,92.6
507,77.4803987455197,99.1414386452633,47.8,87.3
508,89.8324762350008,9.5189506618467,83.3,96.6
509,96.7805005213764,9.75669484853987,83.3,100.0
510,67.5746840291076,190.633357159286,21.1,88.6
511,73.0296456977585,173.118185967504,15.5,34.3
512,96.7430639324487,30.1040682962745,40.6,0.0
513,98.694665153235,11.3494494054713,64.3,64.3
515,66.3326300984529,27.7248002555779,67.0,92.9
516,94.3548387096774,62.2181755116199,0.0,0.0
517,56.1141804788213,457.705808735997,0.0,89.3
518,79.6071953010279,704.422307503218,0.0,0.0
519,53.5641339869281,647.955309489673,41.4,44.5
520,70.7414829659319,1685.68934796781,0.0,35.7
521,95.4628661087866,82.4733130778426,40.6,42.9
522,72.3637440758294,417.368875081422,0.0,85.7
523,60.1148060174188,402.441293054216,0.0,0.0
524,19.5592823712949,909.117390436647,0.0,0.0
525,58.9289976133651,468.858423259342,34.3,82.1
526,33.5078534031414,145.402934251924,39.3,85.7
527,40.3635778635779,202.903882923188,18.3,40.6
528,84.7315436241611,127.107585660973,31.0,31.0
529,90.2707275803722,206.807699245021,69.0,89.0
530,89.1915039397054,63.318013919506,0.0,0.0
531,5.51181102362205,153.346973360613,0.0,85.7
532,62.0121308016878,176.614568033524,56.8,89.3
533,61.2056737588652,212.937603742266,41.4,46.4
534,96.9850586979722,28.5968952206741,90.5,95.2
535,91.5700883002207,34.3104849811655,90.9,95.5
536,96.3242961418144,32.4354993742395,77.1,95.5
537,98.5356068204614,12.4994844111069,84.7,97.6
538,97.1034696406444,27.8167413692766,66.1,93.2
539,97.9,21.84,92.7,95.2
540,87.1219226260258,270.160398648175,42.2,78.5
541,95.4365079365079,36.2181909800957,77.7,95.5
542,94.2983367983368,68.0757560695191,89.3,100.0
543,97.1537250786988,27.4771555886365,73.1,100.0
544,96.5414507772021,31.2703025584579,82.8,93.2
545,93.4821428571429,78.5227722554539,50.3,57.3
546,95.2722482435597,36.7452602849794,81.8,95.5
547,98.625,15.296875,82.5,100.0
548,95.4799107142857,36.0699089205995,94.0,100.0
549,99.4260204081633,6.84529232611412,100.0,100.0
550,97.6776649746193,23.6359478471489,95.2,95.2
551,96.4805825242718,31.6064190781412,26.3,97.6
552,95.9916201117318,34.0376392746793,55.8,95.2
553,96.9326036866359,28.9335337738113,51.6,97.6
554,91.6189193022266,9.47699743190409,85.3,95.2
555,92.5981161695447,6.24037321727387,85.7,95.3
556,84.2692575204312,33.4026858626811,71.6,93.3
557,91.1420958046725,13.0807149750393,75.8,86.4
558,86.0580746338693,217.676259224172,78.4,91.3
559,85.5278462455496,32.1870667525695,58.4,93.8
560,86.0366232153942,234.731545490905,80.5,89.5
561,78.8756292700467,72.5836581850652,74.8,89.4
562,80.4662286768096,213.867782708631,83.1,90.4
563,94.5947880870561,9.57771338579165,87.7,97.2
564,82.9211320673374,20.3052437109578,16.0,88.0
565,89.9033138176565,13.5361697521467,70.2,86.3
566,81.3502007671699,13.0245204161567,17.7,89.0
567,90.4961645177085,40.6748720893636,70.4,93.3
568,91.6190159047302,27.2764271381301,83.8,86.3
569,88.4609279609279,26.0405640011867,78.5,88.3
570,92.789558531746,18.5918372114109,82.6,88.4
571,91.3780248807089,49.4962973240041,27.6,90.4
572,84.009318477757,17.6868161467143,75.2,82.5
573,78.6788093702987,82.0735185072023,46.3,84.6
574,81.937506937507,64.2827156326477,76.4,83.6
575,81.8951048951049,23.5174327097404,77.6,84.6
576,93.8827098078868,64.5335972406959,87.1,87.1
577,95.2166666666667,56.8419444444445,95.8,95.8
578,94,64,100.0,100.0
579,95.2619285952619,56.5185361092379,100.0,100.0
580,95.2619285952619,56.5185361092379,100.0,100.0
581,95.2118785452119,56.8759171806664,100.0,100.0
582,93.9577039274924,64.1955927139524,90.9,90.9
583,95.8417169684775,52.0133994217935,100.0,100.0
584,92.6900584795322,68.3971136418044,95.8,95.8
585,95.9833333333333,50.8108333333334,95.8,95.8
586,96.3296629963297,47.7009096739939,90.9,90.9
587,92.6454445664105,68.4864382674175,78.4,95.8
588,99.9498997995992,0.83249330993316,78.4,95.8
589,96.0877192982456,49.8987380732533,100.0,100.0
590,0,0,0.0,95.0
591,95.3277545327754,56.0408800810755,100.0,100.0
592,95.2404809619239,56.6722958274599,100.0,100.0
593,95.2237808951236,56.7913828101538,92.3,95.8
594,99.8166666666667,3.02194444444445,95.8,95.8
595,94.7280613947281,60.0723067634424,100.0,100.0
596,96.2098138747885,48.8042578897793,34.8,100.0
597,95.9752839011356,50.8802619712817,100.0,100.0
598,99.8997995991984,1.65996655970592,95.8,95.8
599,96.1666666666667,49.1944444444445,90.9,90.9
600,95.9585838343353,51.0238914703154,100.0,100.0
601,96.0086840347361,50.5913296198275,100.0,100.0
602,95.8161157024793,52.2265171436378,90.9,90.9
603,93.222460658083,67.0239495007174,95.8,100.0
604,93.8543754175017,64.6583748659644,90.9,90.9
605,95.18555667001,57.0618575888146,100.0,100.0
606,92.8908233587232,67.9458848377376,95.8,95.8
607,87.8615328994939,87.2774043506289,78.4,85.9
608,95.2596314907873,56.5350482170765,100.0,100.0
609,93.1457431457431,67.2567772134872,83.9,100.0
610,96.4261857047428,46.7914229706351,100.0,100.0
611,96.0253841015364,50.446026767407,100.0,100.0
612,95.9746488523467,50.885733932308,90.9,90.9
613,95.2404809619239,56.6722958274599,100.0,100.0
614,95.2165156092649,56.843016929179,95.8,100.0
615,90.4909028492962,88.2302353560498,72.7,90.9
616,95.2404809619239,56.6722958274599,100.0,100.0
617,94.6645811609315,60.4569531295212,100.0,100.0
618,96.0381143430291,50.3348896572701,100.0,100.0
619,96.0166666666667,50.5219444444445,100.0,100.0
620,90.4559118236473,87.3923448098602,95.8,95.8
621,94.1787941787942,63.1336598072565,81.8,100.0
622,95.1950354609929,56.9950580956693,95.8,95.8
623,95.292766934558,56.295841291643,36.4,100.0
624,94.0046760187041,63.9781567142301,95.5,95.5
625,95.264390896921,56.5008248074852,100.0,100.0
626,93.9424364123159,64.265316509232,90.9,90.9
627,95.2145214521452,56.8571708656014,34.8,100.0
628,92.9213483146067,67.8702184067669,90.9,90.9
629,92.7512653651482,68.2680901076966,95.8,95.8
630,83.2086689681626,644.003765790047,43.6,85.9
631,95.2307162534435,56.7419949874402,95.5,95.5
633,95.2691407556001,56.4666248830075,100.0,100.0
634,92.7512653651482,68.2680901076966,95.8,95.8
635,95.264390896921,56.5008248074852,100.0,100.0
636,55.8635752688172,145.249981482686,0.0,90.9
637,92.8364163946319,68.0761300183699,95.8,95.8
638,95.1926298157454,57.0120283157833,100.0,100.0
639,95.5823293172691,54.1120304511218,95.8,95.8
640,96.5389784946236,45.7050218955949,0.0,85.9
641,92.6652142338417,68.4473472005333,78.4,95.8
643,96.2349397590361,48.5753253979775,95.5,95.5
644,98.8070892978868,18.4588090920032,95.5,95.5
645,92.2067901234568,40.1951082502045,85.5,95.9
646,93.2294453361869,56.7982183416555,59.5,93.5
647,70.874929696288,32.0598661167029,52.7,92.0
648,90.5212098154841,40.175091598658,51.0,94.7
649,86.7462530046049,34.4231550064998,28.4,89.2
650,82.2244334766226,6.123545979301,75.6,90.3
651,79.9267676767677,13.2666564636261,72.9,88.4
652,85.9832871906251,15.3507020921771,47.4,90.3
653,78.3024298253409,25.4823573537397,71.1,89.4
654,94.1643121886013,9.14851956774982,74.4,83.0
655,82.8780991735537,70.0773223406111,78.3,77.4
656,85.7457363819124,51.8924298527718,74.4,91.3
657,89.7268905392982,51.4382128381834,78.9,81.3
658,85.7987711213518,196.438934646565,63.2,68.2
659,94.7485493230174,36.6755334737556,90.3,90.3
660,75.568324757004,154.99381137829,72.9,87.0
661,82.694016509806,124.787245371647,55.2,77.9
662,98.600863149102,4.25711070076947,71.5,85.1
663,95.8266321384762,11.1207979094943,72.2,86.0
664,97.7917920931166,18.0956873478194,71.5,76.6
665,93.2680600649351,176.849273729109,83.0,90.5
666,97.657719867099,7.76678853247231,73.7,90.3
667,89.3050032193311,130.530403551572,72.9,85.1
668,96.9774399329484,53.6992231931964,65.3,91.5
669,97.7278622803915,9.1978322407797,79.7,90.2
670,96.1575987144169,12.4939402977728,71.0,74.5
671,89.1521719436518,9.06787941340974,61.1,85.5
672,98.5690235690236,4.4567447766101,77.0,78.7
673,90.8541163850898,14.1404235219868,72.2,87.2
674,84.5053735024665,88.8679292479219,39.1,85.8
675,94.292851806607,33.3767809180741,30.4,86.0
676,70.7952785469564,62.2014124125082,47.9,60.2
677,89.782960322176,67.3584848110445,31.0,90.3
678,84.9767441860465,60.9684514151794,74.5,89.1
679,99.155592469546,2.80534063273769,41.7,91.5
680,83.9307441869425,12.6628878812996,42.2,77.7
681,92.4632632861276,123.937660777887,66.0,71.6
682,94.392523364486,9.76856299919448,71.3,77.3
683,84.1245337471753,74.8099893765726,55.0,89.2
684,85.3157784743992,71.0789515083818,66.7,80.9
685,77.9060913705584,15.3802506830975,63.7,75.2
686,78.0360584645037,15.4803712236356,63.7,75.2
687,89.7704969927192,47.1305898691499,42.6,84.8
688,92.8853536400706,30.7036215830963,59.4,75.7
689,92.2720158357501,23.6273814456797,61.7,89.1
690,91.5586108806448,19.2298981578648,69.9,79.2
691,88.0867346938776,13.1093381230043,50.6,81.4
692,87.0733884342259,20.0285823993732,50.6,81.4
693,92.5807615323745,26.8675809885814,60.2,89.1
694,83.9944903581267,56.8137896622118,61.6,75.4
695,78.788721871349,38.9395417862916,30.7,86.0
696,85.4754868147725,12.7217215989811,59.6,87.0
697,90.9697762970014,49.2291962077915,54.2,87.0
698,86.4178827603265,25.8697315565832,77.1,77.0
699,87.1535703353885,9.76260017518727,69.9,84.6
700,95.82352652741,8.96904507725224,71.6,85.5
701,94.6887163436459,8.19585244696062,61.7,86.3
702,90.2322916666667,51.1775244544163,71.6,87.2
703,73.4796762808811,83.0183338040891,66.5,90.3
704,93.6803327391563,16.5262271097964,64.2,84.2
705,66.6576547518252,31.6512534762589,27.2,64.5
706,95.0510717882319,29.8796399729083,95.3,95.3
707,91.3097633419565,31.7646524837211,90.1,95.3
708,95.7721294162826,24.4749635750881,93.9,95.3
709,93.8514869549352,50.0316879784508,73.9,96.7
710,93.8163057695103,23.9933289066918,93.9,96.8
711,93.9094709528615,24.8404216377763,93.9,95.3
712,95.1954022988506,57.9120095124851,95.1,100.0
713,95.7774734515401,24.3340405386247,93.9,95.3
714,95.5262735015266,62.8917345020584,64.4,98.3
715,97.7753727753728,12.3775490538357,92.0,96.8
716,96.182850364345,38.2742758983087,51.8,98.3
717,94.7686116700201,21.9078194374641,93.9,95.3
718,68.6378388697976,79.11133008833,64.2,67.5
719,95.1920653186476,58.5566020113846,52.5,100.0
720,93.7179487179487,32.0763282301743,93.9,96.8
721,94.9743442190572,30.3217460027473,95.3,96.8
722,86.0174735174735,172.49147295368,62.3,100.0
723,95.0246966863281,30.1259791450296,95.3,96.8
724,93.8764134416308,28.2395212571369,90.1,91.6
725,94.9858248041901,30.3346608928473,93.9,95.3
726,91.3198913198913,31.5426455852596,90.1,95.3
727,91.8492365260426,36.6979851923217,92.1,100.0
728,94.8827652888567,30.5492934202033,93.9,95.3
729,94.8807109050517,30.5224675494221,93.9,95.3
730,95.34850005576,52.4346130724866,95.1,100.0
731,94.7884539343614,63.1785249195531,95.1,100.0
732,86.3623686219247,20.229046565075,83.7,93.9
733,94.7977654176425,29.9266790518444,95.3,96.8
734,56.8535825545171,54.4367654622917,55.1,44.0
735,95.6584492203961,74.4442866164138,62.3,100.0
736,95.6855791962175,24.6164223615774,93.9,95.3
737,95.7757296466974,24.309666417729,93.9,95.3
738,89.6640826873385,23.1368211808089,80.1,81.4
739,62.7733236151603,549.335045346752,56.7,62.1
740,71.8602770195127,349.833248887446,91.8,93.2
741,72.480056058646,341.453413442425,53.3,80.2
742,95.0556624118436,57.3896221459809,62.3,100.0
743,95.1676496286588,58.3327914779805,52.5,100.0
744,95.6625581625582,25.1105261593084,93.9,96.8
745,74.6984501347709,107.980881309893,30.5,64.4
746,92.0109007458405,24.8965289894929,90.1,95.3
747,95.5157813702848,50.999595150852,78.0,98.4
748,95.7275803722504,24.5612721971298,95.3,96.8
750,97.0490314769976,13.8203936774365,95.3,96.8
751,95.2009184845006,57.8719930331562,95.1,100.0
752,95.4684922467832,51.5122238645256,78.0,98.4
753,90.1568930041152,103.106814626412,87.5,97.1
754,95.2398268398268,66.2453072468656,62.3,100.0
755,94.9488767281106,30.5368837960468,93.9,95.3
756,94.684990385703,64.1281780379715,93.6,98.4
757,86.4808362369338,180.883155634579,62.3,100.0
758,94.7841205447696,22.2626645958096,92.6,93.9
759,95.0079125305711,30.2384208349183,95.3,96.8
760,90.1320783361166,146.059363648932,52.5,100.0
761,75.8465011286682,48.9636465238889,52.6,87.7
762,97.0486376368729,13.7924007716844,93.9,95.3
763,62.8858330035615,550.98813894232,56.7,62.1
764,56.6387949949594,618.379842333314,29.8,28.6
765,94.9260169654906,30.5696479221923,93.9,95.3
766,75.9660766961652,45.723529642102,51.9,95.2
767,91.2833739313178,31.8552723744369,90.1,95.3
768,91.3035714285714,31.6382865646258,90.1,95.3
769,92.7962229667987,87.2604055010742,94.9,94.9
770,97.3390986196574,11.9260422751094,93.6,100.0
771,75.8484848484849,47.7144168962351,53.5,87.7
772,96.7204052247249,13.7091376543184,95.3,96.8
773,95.783527696793,24.3146442076761,95.3,96.8
774,97.4079971691437,13.1122597065265,92.0,95.3
775,95.1922236784622,58.3941595042753,95.1,100.0
776,85.4709324273311,12.4547268103866,84.5,95.3
777,92.055685662243,101.664891622788,96.6,96.6
778,97.2217991674282,13.3210215883354,95.3,96.8
779,91.3687497020831,32.7643934147262,90.1,95.3
780,90.0413202317964,149.557855440637,52.5,98.4
781,94.9881972372793,20.4340962004999,90.1,91.6
782,97.0427163198247,15.8985039030962,51.9,85.2
783,95.4466338259442,53.0826356702015,76.7,96.9
784,97.3276146486308,11.9468233292816,51.7,98.4
785,94.7556818181818,80.4611419593664,89.3,93.1
786,91.1125654450262,88.7556536279159,84.9,94.1
787,93.8869412795793,24.9714003558441,92.6,93.9
788,95.5464480874317,49.7748118328223,76.7,98.4
789,97.3815247252747,11.8469820551186,95.3,95.3
790,95.577519379845,49.564957892297,78.0,100.0
791,94.9987974987975,30.2214305611371,93.9,95.3
792,94.5926051752449,68.1956467949386,95.1,100.0
793,97.3169418521177,11.9659000313845,62.3,100.0
794,88.178076482234,169.056634827,62.3,100.0
795,95.3913519430761,53.5694438078221,76.7,98.4
796,94.6109313808956,65.3000862892516,93.6,98.4
797,86.6092891483517,358.060775294337,56.7,65.6
798,95.2203473132372,26.3696557823463,94.9,94.9
799,94.9731453507889,30.3282482806522,95.3,96.8
801,95.2650079639699,57.0393466355189,95.1,100.0
802,95.0846171802054,57.5252973602295,62.3,100.0
803,95.1154734411085,57.9240902767883,95.1,98.4
804,93.882387995016,27.7724040952555,90.1,91.6
805,91.3084491569948,31.9435193158311,91.6,96.8
807,95.8027621924903,24.1823078530483,93.9,95.3
808,95.7101806239737,24.5241031410582,93.9,95.3
809,95.5391416260982,49.8951154679526,76.7,98.4
810,93.8950554994955,25.2824235018313,92.6,93.9
811,95.2719528178244,57.9878902575254,95.1,100.0
812,96.6121393813,20.7292270457697,52.6,82.8
813,92.8414150212931,28.1672696419822,92.0,95.3
814,95.0609080841639,59.3157544250799,95.1,100.0
815,95.4282671535068,19.741713845388,90.4,98.3
816,93.2562861593235,103.601717853816,94.9,94.9
818,91.3335243826718,31.751895104706,91.6,96.8
819,94.9752784178187,30.2942991462052,93.9,95.3
820,94.7568329106791,64.7964964354846,95.1,100.0
821,94.8008812065752,61.9839393143393,93.6,98.4
822,95.4395051071788,21.8273621690765,81.6,82.9
823,69.1521516393443,26.0165527474973,34.3,84.9
824,93.9094709528615,24.8404216377763,93.9,95.3
825,86.6654501216545,16.247970944998,83.7,93.9
827,89.9402239709443,37.9855525613901,60.1,84.8
828,91.8555729984301,123.260893102562,75.4,98.4
829,97.677733065057,13.9593007407287,93.9,95.3
830,95.8050459819924,23.9119710346758,93.9,95.3
831,96.7175219602404,13.6989892992209,95.3,96.8
832,95.7895746415384,24.1556375902713,93.9,95.3
834,95.8140543666859,24.2260024068416,93.9,95.3
835,94.0777424330056,32.3817318721868,75.9,77.2
836,62.4652777777778,29.7730999228395,0.0,74.2
837,93.4655468706691,99.4515932014565,94.9,94.9
838,55.400868878357,87.4215842898108,55.1,42.6
840,97.3958333333333,13.18359375,95.2,95.2
841,88.8274988213107,108.806520593525,86.3,91.8
842,88.9529255158226,104.591657798285,87.7,91.8
843,76.8298059964727,184.130157835882,80.0,80.0
844,89.7691563935219,95.336026007713,87.3,91.5
845,97.2066190982238,13.3516061184994,95.3,96.8
846,91.4102013550911,32.4723744040369,91.6,96.8
847,95.763057998174,24.5953614703966,93.9,93.9
848,92.171753355304,29.2025916152559,91.6,95.3
849,95.7967678511485,24.1647787236654,93.9,95.3
850,96.6954022988506,13.7315565841874,95.3,95.3
851,68.7531864994392,88.475233173388,63.2,93.2
852,89.3951661269042,78.0483166212193,63.2,93.2
853,95.000480030722,30.1969037999998,93.9,93.9
854,96.7479358155476,14.7627309040918,93.9,95.3
855,92.7781070934598,28.779472338283,87.7,91.8
856,95.5792682926829,27.4389998001315,95.3,96.8
857,96.7845407604444,14.7146550220903,95.3,95.3
858,97.1680134166794,13.4470834949521,93.9,95.3
859,94.0690208667737,69.3465316943593,93.9,95.3
860,95.6431252132378,17.9049388057705,88.5,88.5
861,97.1385542168675,15.6575095562975,86.8,88.2
862,90.0686181183563,24.9096274133539,46.6,97.7
863,91.7346903895127,17.6039906996479,50.5,94.6
865,93.6368209255533,118.589428927691,70.0,100.0
867,86.9358074222668,155.931686735231,65.0,95.0
869,84.1762252346194,170.402382275303,62.2,90.0
870,88.1658291457286,155.806671548698,76.3,95.5
871,91.042345276873,143.701789939416,76.3,95.5
872,90.7445708376422,145.722760079522,75.0,95.0
873,80.5191532258064,530.904875089425,54.4,60.0
876,82.999331997328,159.095746603427,62.2,90.0
877,94.4,108.64,77.8,100.0
878,82.2916666666667,141.067708333333,77.1,95.0
879,85.6628982528263,152.875057170531,77.8,95.5
880,86.5963855421687,155.433480911598,79.4,100.0
882,82.5742067553736,131.986560911193,54.4,95.0
883,94.6301925025329,105.410354876823,71.5,95.0
885,87.9769076305221,156.02255911195,70.0,100.0
886,89.6561135371179,151.601174415057,67.5,95.5
887,89.3036072144289,152.99700101606,76.3,100.0
888,93.6871227364185,117.969512244493,68.7,95.5
889,92.375,132.484375,73.3,100.0
890,86.0730593607306,154.213840412001,81.2,100.0
892,91.7692307692308,138.023668639053,77.8,95.5
893,98.6238532110092,40.1551496787588,81.2,95.5
894,93.6125654450262,118.886543680272,77.8,100.0
895,93.4434434434434,120.925480034589,76.3,95.5
896,84.57078573901,173.918694236658,70.0,84.4
897,80.1051051051051,101.565529493457,62.2,90.0
898,94.825,102.594375,83.3,100.0
900,98.8855116514691,26.6201244342614,76.3,95.5
901,92.1450151057402,134.673834667446,79.4,100.0
902,88.55,155.1475,51.4,90.0
903,98.7,30.81,62.2,100.0
904,78.8583333333333,373.099375,55.6,95.0
905,87.5764993880049,156.244147843635,48.8,85.0
906,69.2245119305857,111.030939295411,75.0,91.7
908,93.7687687687688,116.952538123709,79.4,100.0
909,96.7774420946626,70.1790681801817,76.3,95.5
910,90.9568874868559,144.299928903219,65.0,95.0
911,78.5175879396985,75.56627357895,60.0,84.4
913,93.8080495356037,64.8589238530674,71.5,90.0
914,89.3548387096774,152.809573361082,77.8,95.5
915,85.9916666666667,161.752708333333,81.2,100.0
916,77.6404494382023,123.646004292387,39.7,90.0
917,95.3947368421053,93.9231301939058,77.1,95.0
918,77.2833333333333,273.3975,56.9,95.5
919,92.6153846153846,130.082840236686,77.8,95.5
920,84.7862391449566,160.018879888479,77.8,100.0
921,85.7767489711934,153.280405891717,77.8,95.5
922,98.5983690112131,33.0762052909459,77.8,100.0
925,56.1433447098976,302.608197079886,50.0,85.0
926,96.1641541038526,64.2924280812213,71.5,90.0
927,92.7029804727647,129.17899420003,77.8,95.5
928,89.518555667001,152.175433019218,79.4,95.5
929,94.9630801687764,100.552434394417,70.0,100.0
930,94.7289156626506,103.992778342285,79.4,95.5
931,65.2614727854856,148.624268055022,76.3,91.7
932,86.8118118118118,155.776397017638,61.1,95.0
934,94.9148296593186,101.270301123289,54.4,78.8
935,88.9839572192513,154.047870971432,55.6,78.8
936,94.8795180722892,101.792713020758,70.0,100.0
937,94.438444924406,108.107982030984,37.5,100.0
938,92.8460743801653,127.66948872174,77.8,95.5
939,95.5572289156626,91.3310622006097,62.2,95.0
941,85.0737311385459,187.371678488299,77.1,95.0
942,96.8434343434343,68.9502346699316,77.8,100.0
943,93.65,118.4275,54.4,100.0
944,78.1460674157303,268.972422112808,54.4,67.5
945,91.3,141.81,77.8,100.0
946,94.15,112.0275,79.4,100.0
947,91.5915915915916,139.508878247617,77.8,100.0
948,86.3712655253441,180.431928050454,77.8,91.7
949,95.575,91.044375,70.0,100.0
950,78.0120481927711,66.2287705037016,61.1,90.0
951,94.4299163179916,108.226259825633,79.4,95.5
952,90.2428810720268,170.781321459335,79.4,100.0
954,69.0839694656488,112.901346075404,76.3,95.5
955,96.6111111111111,73.2376543209876,79.4,100.0
956,93.6038394415358,140.226419231929,61.1,90.0
957,90.075,149.619375,79.6,95.0
958,93.043043043043,125.524673822972,81.2,95.5
959,87.4497991967872,156.247479879357,79.4,100.0
960,94.075,113.019375,77.8,100.0
962,88.4615384615385,155.325443786982,77.8,95.5
964,88.6337868480726,154.964527383138,79.4,100.0
965,97.475,56.749375,79.4,100.0
967,88.0859375,155.906677246094,63.5,95.0
968,98.9152371342079,25.9423611698017,77.8,100.0
969,80.4752066115702,106.902277849874,70.0,95.0
970,94.6374622356496,105.306632834677,79.4,100.0
971,85.8006042296072,508.34694827539,31.8,52.8
972,96.8812877263582,68.2414405952819,77.8,91.7
973,97.2222222222222,61.7283950617284,88.5,95.5
974,88.5593220338983,342.274729483865,70.0,80.0
975,90.122199592668,396.319079479511,70.0,80.0
976,93.4541792547835,120.797749401906,76.3,95.5
977,96.2799167533819,79.1630618036839,77.8,95.5
978,87.4248496993988,156.24435243232,65.0,84.4
979,86.3798370672098,154.995235004003,79.4,100.0
980,83.0060155697098,189.427541071709,76.3,95.5
981,98.3752093802345,67.9909878818997,53.4,70.0
982,86.830102622577,155.801237503722,70.0,100.0
983,92.1696149843913,134.444695897549,77.8,100.0
984,89.020618556701,153.937719205016,76.3,100.0
985,96.4321608040201,76.466503371127,79.4,95.5
987,89.7887323943662,151.011704026979,61.1,90.0
988,84.1338734567901,174.175879337896,55.6,90.0
989,73.6575481256332,578.02727247531,54.4,56.2
990,79.8417612659099,123.687837466685,63.5,84.4
991,90.8859470468432,144.785362595974,79.4,95.5
992,94.1605839416058,111.886621556822,77.8,100.0
993,95.75,88.1875,76.3,91.7
994,90.1554404145078,149.198636204999,76.3,95.5
995,91.3,141.81,73.3,100.0
996,93.7,117.81,77.8,95.5
997,97.8249744114637,49.6449034026206,76.3,100.0
998,98.5477178423236,34.1979304764036,76.3,95.5
999,85.2796052631579,151.319847212604,79.4,100.0
1000,95.0633579725449,99.0456161791418,68.7,100.0
1002,92.1543895055499,134.586658330626,77.8,95.5
1003,99.0899898887765,21.9221343780575,70.0,100.0
1004,80.658953722334,109.450085826832,73.1,95.0
1006,84.3207354443309,475.560050123064,61.1,80.0
1007,88.1132075471698,155.873976504094,77.8,100.0
1008,97.7409638554217,51.3726593119466,100.0,100.0
1009,96.8878600823045,68.1180830750732,0.0,100.0
1010,98.2215447154472,41.2984789146672,0.0,100.0
1011,97.8783231083845,48.5404094579732,91.7,100.0
1012,98.8083164300203,28.3719795185333,100.0,100.0
1013,99.2107942973523,19.1072969250999,100.0,100.0
1014,88.7274549098196,154.74335444436,72.7,100.0
1015,94.1681681681682,20.5709853998142,55.4,98.8
1016,95.103861934463,14.8359793847689,20.4,94.0
1017,84.8224968127881,18.3166055017999,62.5,94.0
1018,85.5413539491752,36.6915814182552,34.9,96.3
1019,91.5744670290125,7.76761368337167,73.6,94.0
1020,94.0910427021538,18.2991193895727,50.6,95.3
1021,74.8943156242596,45.4018716941544,41.5,96.3
1022,85.134558277654,67.1320167705665,26.3,92.7
1023,93.1378711685824,17.5673996533684,41.5,97.5
1024,97.0266040688576,7.67778292079027,65.2,95.1
1025,97.0115480649189,8.33815038474068,61.4,81.0
1026,89.4154364154364,28.7739695817914,64.2,94.0
1027,98.7221155266657,7.49475751091334,63.8,68.3
1028,96.8541666666667,16.3190104166666,39.0,100.0
1029,84.2131262655954,91.2366698559375,71.3,100.0
1030,94.9044106578353,29.8939830406675,39.0,95.7
1031,97.3433902823216,13.6095126778598,55.8,100.0
1032,72.8831546023235,826.259768362455,26.3,97.6
1033,93.3720930232558,113.681842765131,43.5,100.0
1034,99.151411136537,5.87473548644602,100.0,100.0
1035,96.8541666666667,16.3190104166666,39.0,100.0
1036,97.9520273455917,11.5146492990883,28.6,100.0
1037,97.9605515128303,10.4081390622504,38.9,97.8
1038,80.5981794538362,144.635679390423,66.8,100.0
1039,97.2462722462723,15.3647147394141,77.4,100.0
1040,98.384236453202,8.93047635225314,42.0,100.0
1041,98.5680790487356,8.17760918407595,97.8,100.0
1042,98.0189322425005,10.8049224196849,17.1,100.0
1043,98.5663983903421,8.1847979223429,97.8,100.0
1044,97.9826144005249,10.3400524821385,16.2,97.8
1045,93.7390350877193,78.0152306478917,95.0,95.0
1046,89.9895524029473,74.0943015142148,0.0,100.0
1047,94.8899580557612,26.2149066200258,92.3,97.8
1048,96.5507551808922,133.337460207128,61.9,95.2
1049,99.0909090909091,7.24301235026464,91.1,97.6
1050,77.5434819317798,34.9904351526503,73.1,93.1
1051,98.7581877729258,6.2192288119029,95.5,97.7
1052,99.3953563366656,3.95328934992103,55.0,100.0
1053,95.0103810863304,25.8410632068275,64.1,97.7
1054,96.5246563741776,37.6473031656379,75.5,100.0
1055,88.2756727073037,79.6827451771555,0.0,93.2
1056,70.3479532163743,137.963723880852,29.9,78.5
1057,88.4015044663846,55.0376658136848,0.0,93.2
1058,98.6673773987207,9.32930534655385,78.1,78.1
1059,94.9023861171367,67.1090543209063,90.9,100.0
1060,99.2520239352341,4.98225923316438,57.7,100.0
1061,95.0752950752951,51.4299761349008,71.1,97.7
1062,95.0026487727353,51.9249780583788,71.1,97.7
1063,98.5934223313385,15.9112587015352,94.0,97.8
1064,98.6835955756348,14.4207600567986,80.0,81.8
1065,98.5168705969596,16.6925707601851,42.0,97.8
1066,98.7138263665595,14.1677346214106,80.0,81.8
1067,98.494983277592,16.9789656484436,42.0,95.8
1068,98.6409047111922,13.798273290829,80.0,81.8
1069,98.74547920434,13.1950070459739,41.2,97.8
1070,98.6409047111922,13.798273290829,80.0,81.8
1071,98.7138263665595,14.1677346214106,80.0,81.8
1072,98.4870202261507,17.0118121259607,42.0,95.8
1073,98.5919098822325,15.9262379172195,94.0,97.8
1074,98.6928104575163,14.371761776606,80.0,81.8
1075,97.4503851127228,23.1425687088257,50.0,97.7
1076,98.6274362065501,13.9792176900017,80.0,81.8
1077,98.6274362065501,13.9792176900017,80.0,81.8
1078,99.0960020371785,5.91578391200913,57.7,100.0
1079,98.4966592427617,16.9625776610613,42.0,95.8
1080,98.6483399329881,13.7610733142644,80.0,81.8
1081,98.6483399329881,13.7610733142644,80.0,81.8
1082,98.3605104572846,9.02271363015093,50.0,97.7
1083,98.6483399329881,13.7610733142644,80.0,81.8
1084,98.6464448793216,13.7216161731616,80.0,81.8
1085,98.7124463519313,14.181159210539,80.0,81.8
1086,98.6913849509269,14.3855689236827,80.0,81.8
1087,99.4779055690073,3.45666334078877,78.4,81.8
1088,97.4503851127228,23.1425687088257,50.0,97.7
1089,91.4415016943107,73.3939797928645,25.6,90.9
1090,98.7816629955947,6.13026122122979,97.8,100.0
1091,95.2718676122931,46.4325235149137,87.9,100.0
1092,97.5665474771554,14.3570798427664,60.5,100.0
1093,89.5803357314149,242.389829143879,27.3,82.5
